{"name":"ccd799b5-3b43-4719-9c73-7e62d82e5470","id":"/providers/Microsoft.Flow/flows/ccd799b5-3b43-4719-9c73-7e62d82e5470","type":"Microsoft.Flow/flows","properties":{"apiId":"/providers/Microsoft.PowerApps/apis/shared_logicflows","displayName":"PowerAppV2 -> Obter itens,Aplicar a cada,Condição,Compor","definition":{"metadata":{"workflowEntityId":null,"processAdvisorMetadata":null,"flowChargedByPaygo":null,"flowclientsuspensionreason":"None","flowclientsuspensiontime":null,"flowclientsuspensionreasondetails":null,"creator":{"id":"169b3e58-1a9a-4908-bdc7-8192225fe4d7","type":"User","tenantId":"b1051c4b-3b94-41ab-9441-e73a72342fdd"},"provisioningMethod":"FromDefinition","failureAlertSubscription":true,"clientLastModifiedTime":"2023-12-01T14:02:10.7308765Z","connectionKeySavedTimeKey":"2023-12-01T14:02:10.7308765Z"},"$schema":"https://schema.management.azure.com/providers/Microsoft.Logic/schemas/2016-06-01/workflowdefinition.json#","contentVersion":"1.0.0.0","parameters":{"$connections":{"defaultValue":{},"type":"Object"},"$authentication":{"defaultValue":{},"type":"SecureObject"}},"triggers":{"manual":{"metadata":{"operationMetadataId":"1520174d-493f-41b4-bad3-c87b7eb0bcc4"},"type":"Request","kind":"PowerAppV2","inputs":{"schema":{"type":"object","properties":{},"required":[]}}}},"actions":{"Obter_itens":{"runAfter":{},"metadata":{"operationMetadataId":"426883fe-f89e-4e69-9c9a-7ce26b7f9dc6"},"type":"OpenApiConnection","inputs":{"host":{"apiId":"/providers/Microsoft.PowerApps/apis/shared_sharepointonline","connectionName":"shared_sharepointonline","operationId":"GetItems"},"parameters":{"dataset":"https://sesisenaispedu.sharepoint.com/sites/bancoinrb","table":"6bc2c95d-a41a-41dc-aeb5-227dad6e1a50"},"authentication":{"value":"@json(decodeBase64(triggerOutputs().headers['X-MS-APIM-Tokens']))['$ConnectionKey']","type":"Raw"}}},"Aplicar_a_cada":{"foreach":"@outputs('Obter_itens')?['body/value']","actions":{"Condição":{"actions":{"Compor":{"runAfter":{},"metadata":{"operationMetadataId":"b129a78c-cbb5-4e4f-94e1-2b35ab644155"},"type":"Compose","inputs":"@{items('Aplicar_a_cada')?['field_5']};@{items('Aplicar_a_cada')?['field_3']};@{items('Aplicar_a_cada')?['field_2']}"},"Selecionar":{"runAfter":{"Compor":["Succeeded"]},"metadata":{"operationMetadataId":"4fbc5ff3-d24e-4270-aa48-2125142f39d8"},"type":"Select","inputs":{"from":"@outputs('Compor')","select":{"Meninas":"@{items('Aplicar_a_cada')?['field_5']}/","meninos":"@items('Aplicar_a_cada')?['field_6']"}}}},"runAfter":{},"expression":{"equals":["@items('Aplicar_a_cada')?['Title']","Campinas"]},"metadata":{"operationMetadataId":"bc995e40-d47c-4e96-a2fe-148aa3783a65"},"type":"If"}},"runAfter":{"Obter_itens":["Succeeded"]},"metadata":{"operationMetadataId":"befadf16-3055-40d0-be28-2fbc7fc6e6e9"},"type":"Foreach"}}},"connectionReferences":{"shared_sharepointonline":{"connectionName":"3029de87891b4c69b0313583ef941650","source":"Invoker","id":"/providers/Microsoft.PowerApps/apis/shared_sharepointonline","tier":"NotSpecified"}},"flowFailureAlertSubscribed":false,"isManaged":false}}