{"schemaVersion":"1.0","appDefinitionTemplate":{"id":"/providers/Microsoft.PowerApps/apps/","type":"Microsoft.PowerApps/apps","tags":{"primaryDeviceWidth":"1366","primaryDeviceHeight":"768","sienaVersion":"20231212T105427Z-3.23114.24.0","deviceCapabilities":"","supportsPortrait":"true","supportsLandscape":"true","primaryFormFactor":"Tablet","publisherVersion":"3.23114.24","minimumRequiredApiVersion":"2.2.0","hasComponent":"true","hasUnlockedComponent":"true","isUnifiedRootApp":"false","showStatusBar":"false","offlineLargeFilesSupport":"false"},"properties":{"appVersion":"2023-12-12T10:54:27Z","lifeCycleId":"Published","createdByClientVersion":{"major":3,"minor":23114,"build":24,"revision":0,"majorRevision":0,"minorRevision":0},"minClientVersion":{"major":3,"minor":23114,"build":24,"revision":0,"majorRevision":0,"minorRevision":0},"backgroundColor":"rgba(127, 178, 57, 1)","backgroundImageUri":"/4442682977748881499/Nb6c3956f-6883-435c-a230-9a1999faf839-logoSmallFile","displayName":"App_INRB (2)","description":"Versão de teste para avaliação(6)","commitMessage":"","appUris":{"documentUri":{"value":"/4442682977748881499/N4686b116-2cf9-4640-8147-b4233ee35586-document.msapp"},"imageUris":[],"additionalUris":[{"isSolutionAware":false,"value":"/4442682977748881499/Ncd5b2942-33d2-4ce6-91b1-e20c1f74d885-identity.json"}]},"createdTime":"0001-01-01T00:00:00Z","lastModifiedTime":"0001-01-01T00:00:00Z","sharedGroupsCount":0,"sharedUsersCount":0,"connectionReferences":{"49bfbb78-cb4e-462e-a73d-70e84a036cea":{"id":"c4b2085f-1cc2-4ce5-8d44-375fedafe362","displayName":"Excel","iconUri":"https://connectoricons-prod.azureedge.net/releases/v1.0.1667/1.0.1667.3504/excel/icon.png","dataSources":["Numeros_atuais","Porcentagens5","Tabela25","Tabela1"],"dependencies":["eaa7c136-3221-41fd-9b67-326d82dba3eb"],"dependents":[],"parameterHints":{"eaa7c136-3221-41fd-9b67-326d82dba3eb":{"value":"fileSource"}},"parameterHintsV2":{"fileSource":{"value":"eaa7c136-3221-41fd-9b67-326d82dba3eb"}},"isOnPremiseConnection":false,"bypassConsent":false,"dataSets":{"b!-_QeseRYaE-zWl_MIX0A4kNuz8ttCldIq_FvtIGWxEoQp5qeTs7uSI8khUZvE-WN.01DC6IV3FOUEEEFPOWUFBZFVSQL4IZFEP6":{"dataSources":{"Numeros_atuais":{"tableName":"Numeros_atuais"},"Porcentagens5":{"tableName":"Porcentagens5"},"Tabela25":{"tableName":"Tabela25"}}},"b!-_QeseRYaE-zWl_MIX0A4kNuz8ttCldIq_FvtIGWxEoQp5qeTs7uSI8khUZvE-WN.01DC6IV3CZ6TAO7RMUGBEKDGCTULPE5ZLU":{"dataSources":{"Tabela1":{"tableName":"Tabela1"}}}},"apiTier":"Standard","isCustomApiConnection":false,"actions":["providers/PowerPlatform.Governance/Operations/Read"]},"eaa7c136-3221-41fd-9b67-326d82dba3eb":{"id":"aacc879b-7f57-4028-975b-b12adf79602e","displayName":"OneDrive for Business","iconUri":"https://connectoricons-prod.azureedge.net/releases/v1.0.1669/1.0.1669.3522/onedriveforbusiness/icon.png","dataSources":[],"dependencies":[],"dependents":["49bfbb78-cb4e-462e-a73d-70e84a036cea"],"parameterHints":{},"parameterHintsV2":{},"isOnPremiseConnection":false,"bypassConsent":false,"dataSets":{},"apiTier":"Standard","isCustomApiConnection":false},"08a3ce52-9579-4b37-99e5-c378b24af854":{"id":"5ff70128-4c5c-4693-b0f9-8a8cc8d6a4cd","displayName":"Office 365 Outlook","iconUri":"https://connectoricons-prod.azureedge.net/releases/v1.0.1669/1.0.1669.3522/office365/icon.png","dataSources":["Office365Outlook"],"dependencies":[],"dependents":[],"parameterHints":{},"parameterHintsV2":{},"isOnPremiseConnection":false,"bypassConsent":false,"dataSets":{},"apiTier":"Standard","isCustomApiConnection":false},"72c707a7-2536-47c7-99a0-ee30ca219a6e":{"id":"a5b11ffa-a7e6-4f88-b9da-90c836a1370c","displayName":"Usuários do Office 365","iconUri":"https://connectoricons-prod.azureedge.net/releases/v1.0.1664/1.0.1664.3477/office365users/icon.png","dataSources":["Office365Users"],"dependencies":[],"dependents":[],"parameterHints":{},"parameterHintsV2":{},"isOnPremiseConnection":false,"bypassConsent":false,"dataSets":{},"apiTier":"Standard","isCustomApiConnection":false},"aeeb63ac-5e42-4840-895a-3f23c477035f":{"id":"40ebd2af-df3c-44e4-9568-5141f1014d55","displayName":"SharePoint","iconUri":"https://connectoricons-prod.azureedge.net/releases/v1.0.1664/1.0.1664.3477/sharepointonline/icon.png","dataSources":["Dados_INRB"],"dependencies":[],"dependents":["8cef83c2-aa51-46db-86a8-d12213a3e0a9"],"parameterHints":{},"parameterHintsV2":{},"isOnPremiseConnection":false,"bypassConsent":false,"dataSets":{"https://sesisenaispedu.sharepoint.com/sites/bancoinrb":{"dataSources":{"Dados_INRB":{"tableName":"6bc2c95d-a41a-41dc-aeb5-227dad6e1a50"}}}},"apiTier":"Standard","isCustomApiConnection":false,"actions":["providers/PowerPlatform.Governance/Operations/Read","providers/PowerPlatform.Governance/Operations/Write"]},"8cef83c2-aa51-46db-86a8-d12213a3e0a9":{"id":"8ec2f72f-c435-4ae9-a456-08233ca1ce4f","displayName":"Fluxos lógicos","iconUri":"https://connectoricons-prod.azureedge.net/releases/v1.0.1664/1.0.1664.3477/logicflows/icon.png","dataSources":["PowerAppV2->Obteritens,Aplicaracada,Condição,Compor"],"dependencies":["aeeb63ac-5e42-4840-895a-3f23c477035f"],"dependents":[],"parameterHints":{"workflowName":{"value":"6a37290a-4734-468a-87fd-ca8e7f3a519f"},"workflowEntityId":{},"aeeb63ac-5e42-4840-895a-3f23c477035f":{"value":"shared_sharepointonline"}},"parameterHintsV2":{"workflowName":{"value":"6a37290a-4734-468a-87fd-ca8e7f3a519f"},"workflowEntityId":{},"shared_sharepointonline":{"value":"aeeb63ac-5e42-4840-895a-3f23c477035f"}},"isOnPremiseConnection":false,"bypassConsent":false,"dataSets":{},"apiTier":"Standard","isCustomApiConnection":false,"nestedActions":[{"id":"/providers/Microsoft.PowerApps/apis/shared_sharepointonline/apiOperations/GetItems","apiName":"SharePoint","actionName":"GetItems","referencedResources":[{"key":"site","value":"https://sesisenaispedu.sharepoint.com/sites/bancoinrb"},{"key":"list","value":"6bc2c95d-a41a-41dc-aeb5-227dad6e1a50"}]}]}},"databaseReferences":{},"almMode":"Environment","performanceOptimizationEnabled":true,"canConsumeAppPass":true,"enableModernRuntimeMode":false,"executionRestrictions":{"isTeamsOnly":false,"dataLossPreventionEvaluationResult":{"status":"Compliant","lastEvaluationDate":"2023-12-12T10:55:02.542977Z","violations":[],"violationsByPolicy":[],"violationErrorMessage":"O aplicativo usa os seguintes conectores: shared_excel, shared_onedriveforbusiness, shared_office365, shared_office365users, shared_sharepointonline, shared_logicflows."},"httpActionRestriction":{"appUsesSharepointHttpAction":false,"enforcementStrategy":"Legacy","evaluationTime":"2023-12-12T10:55:02.54288Z"}}},"appType":"ClassicCanvasApp","appComponents":[]}}